{
  "planet": "venus",
  "period_days": 224.701,
  "params": {
    "smooth": 5,
    "min_sep": 79,
    "peri_minsep": 157,
    "match_window": 112,
    "z": 0.5
  },
  "signal_mode": "dim0",
  "N_peri": 203,
  "N_peaks": 407,
  "matched": 203,
  "coverage": 1.0,
  "mean_dt_days": -48.17733990147783,
  "median_dt_days": -48.0,
  "std_dt_days": 0.38290036670879907,
  "min_dt_days": -49.0,
  "max_dt_days": -48.0,
  "phase_frac": -0.21440643299975448,
  "strength": 0.9982974071658648,
  "matched_dt": [
    -48.0,
    -49.0,
    -48.0,
    -48.0,
    -49.0,
    -48.0,
    -48.0,
    -49.0,
    -48.0,
    -48.0,
    -48.0,
    -49.0,
    -48.0,
    -48.0,
    -49.0,
    -48.0,
    -48.0,
    -49.0,
    -48.0,
    -48.0,
    -48.0,
    -49.0,
    -48.0,
    -48.0,
    -49.0,
    -48.0,
    -48.0,
    -49.0,
    -48.0,
    -48.0,
    -48.0,
    -49.0,
    -48.0,
    -48.0,
    -49.0,
    -48.0,
    -48.0,
    -49.0,
    -48.0,
    -48.0,
    -48.0,
    -49.0,
    -48.0,
    -48.0,
    -49.0,
    -48.0,
    -48.0,
    -48.0,
    -48.0,
    -48.0,
    -48.0,
    -49.0,
    -48.0,
    -48.0,
    -49.0,
    -48.0,
    -48.0,
    -48.0,
    -48.0,
    -48.0,
    -48.0,
    -49.0,
    -48.0,
    -48.0,
    -49.0,
    -48.0,
    -48.0,
    -48.0,
    -48.0,
    -48.0,
    -48.0,
    -49.0,
    -48.0,
    -48.0,
    -49.0,
    -48.0,
    -48.0,
    -48.0,
    -48.0,
    -48.0,
    -48.0,
    -49.0,
    -48.0,
    -48.0,
    -49.0,
    -48.0,
    -48.0,
    -48.0,
    -48.0,
    -48.0,
    -48.0,
    -49.0,
    -48.0,
    -48.0,
    -49.0,
    -48.0,
    -48.0,
    -48.0,
    -48.0,
    -48.0,
    -48.0,
    -49.0,
    -48.0,
    -48.0,
    -49.0,
    -48.0,
    -48.0,
    -48.0,
    -48.0,
    -48.0,
    -48.0,
    -49.0,
    -48.0,
    -48.0,
    -49.0,
    -48.0,
    -48.0,
    -48.0,
    -48.0,
    -48.0,
    -48.0,
    -49.0,
    -48.0,
    -48.0,
    -49.0,
    -48.0,
    -48.0,
    -48.0,
    -48.0,
    -48.0,
    -48.0,
    -49.0,
    -48.0,
    -48.0,
    -49.0,
    -48.0,
    -48.0,
    -48.0,
    -48.0,
    -48.0,
    -48.0,
    -49.0,
    -48.0,
    -48.0,
    -49.0,
    -48.0,
    -48.0,
    -48.0,
    -48.0,
    -48.0,
    -48.0,
    -48.0,
    -48.0,
    -48.0,
    -49.0,
    -48.0,
    -48.0,
    -48.0,
    -48.0,
    -48.0,
    -48.0,
    -48.0,
    -48.0,
    -48.0,
    -49.0,
    -48.0,
    -48.0,
    -48.0,
    -48.0,
    -48.0,
    -48.0,
    -48.0,
    -48.0,
    -48.0,
    -48.0,
    -48.0,
    -48.0,
    -48.0,
    -48.0,
    -48.0,
    -48.0,
    -48.0,
    -48.0,
    -48.0,
    -48.0,
    -48.0,
    -48.0,
    -48.0,
    -48.0,
    -48.0,
    -48.0,
    -48.0,
    -48.0,
    -48.0,
    -48.0,
    -48.0,
    -48.0,
    -48.0,
    -48.0,
    -48.0,
    -48.0,
    -48.0,
    -48.0
  ],
  "matched_years": [
    1900,
    1901,
    1901,
    1902,
    1902,
    1903,
    1904,
    1904,
    1905,
    1906,
    1906,
    1907,
    1907,
    1908,
    1909,
    1909,
    1910,
    1910,
    1911,
    1912,
    1912,
    1913,
    1914,
    1914,
    1915,
    1915,
    1916,
    1917,
    1917,
    1918,
    1918,
    1919,
    1920,
    1920,
    1921,
    1921,
    1922,
    1923,
    1923,
    1924,
    1925,
    1925,
    1926,
    1926,
    1927,
    1928,
    1928,
    1929,
    1929,
    1930,
    1931,
    1931,
    1932,
    1933,
    1933,
    1934,
    1934,
    1935,
    1936,
    1936,
    1937,
    1937,
    1938,
    1939,
    1939,
    1940,
    1941,
    1941,
    1942,
    1942,
    1943,
    1944,
    1944,
    1945,
    1945,
    1946,
    1947,
    1947,
    1948,
    1949,
    1949,
    1950,
    1950,
    1951,
    1952,
    1952,
    1953,
    1953,
    1954,
    1955,
    1955,
    1956,
    1957,
    1957,
    1958,
    1958,
    1959,
    1960,
    1960,
    1961,
    1961,
    1962,
    1963,
    1963,
    1964,
    1965,
    1965,
    1966,
    1966,
    1967,
    1968,
    1968,
    1969,
    1969,
    1970,
    1971,
    1971,
    1972,
    1973,
    1973,
    1974,
    1974,
    1975,
    1976,
    1976,
    1977,
    1977,
    1978,
    1979,
    1979,
    1980,
    1981,
    1981,
    1982,
    1982,
    1983,
    1984,
    1984,
    1985,
    1985,
    1986,
    1987,
    1987,
    1988,
    1989,
    1989,
    1990,
    1990,
    1991,
    1992,
    1992,
    1993,
    1993,
    1994,
    1995,
    1995,
    1996,
    1997,
    1997,
    1998,
    1998,
    1999,
    2000,
    2000,
    2001,
    2001,
    2002,
    2003,
    2003,
    2004,
    2005,
    2005,
    2006,
    2006,
    2007,
    2008,
    2008,
    2009,
    2009,
    2010,
    2011,
    2011,
    2012,
    2013,
    2013,
    2014,
    2014,
    2015,
    2016,
    2016,
    2017,
    2017,
    2018,
    2019,
    2019,
    2020,
    2021,
    2021,
    2022,
    2022,
    2023,
    2024,
    2024
  ],