{
  "planet": "earth",
  "period_days": 365.256,
  "params": {
    "smooth": 9,
    "min_sep": 122,
    "peri_minsep": 340,
    "match_window": 122,
    "z": 0.8
  },
  "signal_mode": "dim0",
  "N_peri": 125,
  "N_peaks": 250,
  "matched": 125,
  "coverage": 1.0,
  "mean_dt_days": 15.144,
  "median_dt_days": 6.0,
  "std_dt_days": 21.14073578845872,
  "min_dt_days": 1.0,
  "max_dt_days": 90.0,
  "phase_frac": 0.041461331230698506,
  "strength": 0.9437639195545262,
  "matched_dt": [
    5.0,
    5.0,
    5.0,
    5.0,
    4.0,
    5.0,
    5.0,
    5.0,
    5.0,
    4.0,
    5.0,
    4.0,
    5.0,
    5.0,
    5.0,
    5.0,
    4.0,
    5.0,
    5.0,
    5.0,
    4.0,
    5.0,
    6.0,
    5.0,
    5.0,
    6.0,
    5.0,
    4.0,
    4.0,
    6.0,
    5.0,
    6.0,
    5.0,
    5.0,
    5.0,
    4.0,
    5.0,
    5.0,
    5.0,
    5.0,
    5.0,
    7.0,
    5.0,
    5.0,
    4.0,
    6.0,
    6.0,
    6.0,
    7.0,
    6.0,
    6.0,
    4.0,
    5.0,
    7.0,
    6.0,
    7.0,
    5.0,
    7.0,
    6.0,
    5.0,
    8.0,
    6.0,
    7.0,
    6.0,
    7.0,
    9.0,
    6.0,
    7.0,
    5.0,
    7.0,
    9.0,
    8.0,
    11.0,
    8.0,
    8.0,
    4.0,
    8.0,
    13.0,
    8.0,
    12.0,
    17.0,
    10.0,
    15.0,
    9.0,
    14.0,
    22.0,
    12.0,
    20.0,
    30.0,
    41.0,
    27.0,
    37.0,
    24.0,
    61.0,
    72.0,
    83.0,
    69.0,
    80.0,
    90.0,
    82.0,
    75.0,
    85.0,
    69.0,
    81.0,
    39.0,
    50.0,
    34.0,
    20.0,
    29.0,
    15.0,
    24.0,
    11.0,
    2.0,
    6.0,
    14.0,
    7.0,
    12.0,
    4.0,
    7.0,
    1.0,
    5.0,
    2.0,
    5.0,
    9.0,
    4.0
  ],
  "matched_years": [
    1900,
    1901,
    1902,
    1903,
    1904,
    1905,
    1906,
    1907,
    1908,
    1909,
    1910,
    1911,
    1912,
    1913,
    1914,
    1915,
    1916,
    1917,
    1918,
    1919,
    1920,
    1921,
    1922,
    1923,
    1924,
    1925,
    1926,
    1927,
    1928,
    1929,
    1930,
    1931,
    1932,
    1933,
    1934,
    1935,
    1936,
    1937,
    1938,
    1939,
    1940,
    1941,
    1942,
    1943,
    1944,
    1945,
    1946,
    1947,
    1948,
    1949,
    1950,
    1951,
    1952,
    1953,
    1954,
    1955,
    1956,
    1957,
    1958,
    1959,
    1960,
    1961,
    1962,
    1963,
    1964,
    1965,
    1966,
    1967,
    1968,
    1969,
    1970,
    1971,
    1972,
    1973,
    1974,
    1975,
    1976,
    1977,
    1978,
    1979,
    1980,
    1981,
    1982,
    1983,
    1984,
    1985,
    1986,
    1987,
    1988,
    1989,
    1990,
    1991,
    1992,
    1993,
    1994,
    1995,
    1996,
    1997,
    1998,
    1999,
    2000,
    2001,
    2002,
    2003,
    2004,
    2005,
    2006,
    2007,
    2008,
    2009,
    2010,
    2011,
    2012,
    2013,
    2014,
    2015,
    2016,
    2017,
    2018,
    2019,
    2020,
    2021,
    2022,
    2023,
    2024
  ],
  "phi_series": [
    0.013689029064546498,
    0.013689029064546498,
    0.013689029064546498,
    0.013689029064546498,
    0.010951223251637221,
    0.013689029064546498,
    0.013689029064546498,
    0.013689029064546498,
    0.013689029064546498,
    0.010951223251637221,
    0.013689029064546498,
    0.010951223251637221,
    0.013689029064546498,
    0.013689029064546498,
    0.013689029064546498,
    0.013689029064546498,
    0.010951223251637221,
    0.013689029064546498,
    0.013689029064546498,
    0.013689029064546498,
    0.010951223251637221,
    0.013689029064546498,
    0.016426834877455776,
    0.013689029064546498,
    0.013689029064546498,
    0.016426834877455776,
    0.013689029064546498,
    0.010951223251637221,
    0.010951223251637221,
    0.016426834877455776,
    0.013689029064546498,
    0.016426834877455776,
    0.013689029064546498,
    0.013689029064546498,
    0.013689029064546498,
    0.010951223251637221,
    0.013689029064546498,
    0.013689029064546498,
    0.013689029064546498,
    0.013689029064546498,
    0.013689029064546498,
    0.019164640690365164,
    0.013689029064546498,
    0.013689029064546498,
    0.010951223251637221,
    0.016426834877455776,
    0.016426834877455776,
    0.016426834877455776,
    0.019164640690365164,
    0.016426834877455776,
    0.016426834877455776,
    0.010951223251637221,
    0.013689029064546498,
    0.019164640690365164,
    0.016426834877455776,
    0.019164640690365164,
    0.013689029064546498,
    0.019164640690365164,
    0.016426834877455776,
    0.013689029064546498,
    0.021902446503274442,
    0.016426834877455776,
    0.019164640690365164,
    0.016426834877455776,
    0.019164640690365164,
    0.02464025231618372,
    0.016426834877455776,
    0.019164640690365164,
    0.013689029064546498,
    0.019164640690365164,
    0.02464025231618372,
    0.021902446503274442,
    0.030115863942002274,
    0.021902446503274442,
    0.021902446503274442,
    0.010951223251637221,
    0.021902446503274442,
    0.03559147556782094,
    0.021902446503274442,
    0.03285366975491166,
    0.04654269881945816,
    0.027378058129092997,
    0.041067087193639495,
    0.02464025231618372,
    0.03832928138073022,
    0.06023172788400466,
    0.03285366975491166,
    0.054756116258185994,
    0.0821341743872791,
    0.11225003832928138,
    0.07392075694855116,
    0.10129881507764416,
    0.06570733950982321,
    0.16700615458746748,
    0.19712201852946976,
    0.22723788247147203,
    0.1889086010907418,
    0.2190244650327442,
    0.2464025231618372,
    0.22450007665856275,
    0.2053354359681977,
    0.2327134940972907,
    0.1889086010907418,
    0.22176227084565348,
    0.10677442670346282,
    0.1368902906454651,
    0.09308539763891632,
    0.054756116258185994,
    0.07939636857436971,
    0.041067087193639495,
    0.06570733950982321,
    0.030115863942002274,
    0.005475611625818555,
    0.016426834877455776,
    0.03832928138073022,
    0.019164640690365164,
    0.03285366975491166,
    0.010951223251637221,
    0.019164640690365164,
    0.0027378058129092775,
    0.013689029064546498,
    0.005475611625818555,
    0.013689029064546498,
    0.02464025231618372,
    0.010951223251637221
  ],
  "lag_sweep": {
    "best_lag_days": -5,
    "best_r": 0.49386366729869763
  },
  "csv_path": "/Users/fanten/Python/data/earth_1900to2025.csv",
  "csv_sha256": "f925a27ee3f7a8b0cc4395180477f6039a80e0854217ff26dbe163664cf57006",
  "csv_mtime_utc": "2025-08-07T16:39:12.192897Z",
  "csv_span_years": {
    "start_year": 1900,
    "end_year": 2025
  },
  "date0_iso": "1900-01-01",
  "horizons_header": {
    "center": "Sun (10)",
    "frame": "Ecliptic of J2000.0, GEOMETRIC",
    "units": "AU, AU/day",
    "step": "1440 min (1 day)"
  }
}