{
  "planet": "earth",
  "period_days": 365.256,
  "params": {
    "smooth": 5,
    "min_sep": 128,
    "peri_minsep": 256,
    "match_window": 183,
    "z": 0.5
  },
  "signal_mode": "dim0",
  "N_peri": 83,
  "N_peaks": 125,
  "matched": 83,
  "coverage": 1.0,
  "mean_dt_days": -82.24096385542168,
  "median_dt_days": -89.0,
  "std_dt_days": 22.06453415217136,
  "min_dt_days": -91.0,
  "max_dt_days": 91.0,
  "phase_frac": -0.22515978890263733,
  "strength": 0.9413799861938577,
  "matched_dt": [
    -90.0,
    -90.0,
    -90.0,
    -90.0,
    -90.0,
    -90.0,
    -90.0,
    -90.0,
    -90.0,
    -90.0,
    -89.0,
    -89.0,
    -89.0,
    -90.0,
    -90.0,
    -90.0,
    -90.0,
    -90.0,
    -90.0,
    -89.0,
    -90.0,
    -90.0,
    -90.0,
    -89.0,
    -89.0,
    -89.0,
    -89.0,
    -89.0,
    -89.0,
    -90.0,
    -89.0,
    -89.0,
    -89.0,
    -90.0,
    -90.0,
    -88.0,
    -90.0,
    -90.0,
    -89.0,
    -89.0,
    -89.0,
    -89.0,
    -89.0,
    -88.0,
    -89.0,
    -89.0,
    -88.0,
    -88.0,
    -87.0,
    -88.0,
    -90.0,
    -86.0,
    -88.0,
    -86.0,
    -87.0,
    -85.0,
    -85.0,
    -81.0,
    -82.0,
    -77.0,
    -79.0,
    -80.0,
    -61.0,
    -50.0,
    -57.0,
    -47.0,
    -52.0,
    -55.0,
    -58.0,
    -52.0,
    -68.0,
    -75.0,
    -78.0,
    -81.0,
    -87.0,
    91.0,
    -90.0,
    -88.0,
    -87.0,
    -89.0,
    -90.0,
    -91.0,
    -88.0
  ],
  "matched_years": [
    1900,
    1900,
    1901,
    1902,
    1903,
    1904,
    1904,
    1905,
    1906,
    1906,
    1907,
    1908,
    1909,
    1910,
    1910,
    1911,
    1912,
    1912,
    1913,
    1914,
    1915,
    1916,
    1916,
    1917,
    1918,
    1918,
    1919,
    1920,
    1921,
    1922,
    1922,
    1923,
    1924,
    1924,
    1925,
    1926,
    1927,
    1928,
    1928,
    1929,
    1930,
    1931,
    1931,
    1932,
    1933,
    1933,
    1934,
    1935,
    1936,
    1937,
    1937,
    1938,
    1939,
    1939,
    1940,
    1941,
    1942,
    1942,
    1943,
    1944,
    1945,
    1946,
    1946,
    1947,
    1948,
    1949,
    1949,
    1950,
    1951,
    1951,
    1952,
    1953,
    1954,
    1955,
    1955,
    1956,
    1956,
    1957,
    1958,
    1959,
    1960,
    1960,
    1961
  ],
  "phi_series": [
    -0.2464025231618372,
    -0.2464025231618372,
    -0.2464025231618372,
    -0.2464025231618372,
    -0.2464025231618372,
    -0.2464025231618372,
    -0.2464025231618372,
    -0.2464025231618372,
    -0.2464025231618372,
    -0.2464025231618372,
    -0.24366471734892792,
    -0.24366471734892792,
    -0.24366471734892792,
    -0.2464025231618372,
    -0.2464025231618372,
    -0.2464025231618372,
    -0.2464025231618372,
    -0.2464025231618372,
    -0.2464025231618372,
    -0.24366471734892792,
    -0.2464025231618372,
    -0.2464025231618372,
    -0.2464025231618372,
    -0.24366471734892792,
    -0.24366471734892792,
    -0.24366471734892792,
    -0.24366471734892792,
    -0.24366471734892792,
    -0.24366471734892792,
    -0.2464025231618372,
    -0.24366471734892792,
    -0.24366471734892792,
    -0.24366471734892792,
    -0.2464025231618372,
    -0.2464025231618372,
    -0.24092691153601858,
    -0.2464025231618372,
    -0.2464025231618372,
    -0.24366471734892792,
    -0.24366471734892792,
    -0.24366471734892792,
    -0.24366471734892792,
    -0.24366471734892792,
    -0.24092691153601858,
    -0.24366471734892792,
    -0.24366471734892792,
    -0.24092691153601858,
    -0.24092691153601858,
    -0.23818910572310925,
    -0.24092691153601858,
    -0.2464025231618372,
    -0.23545129991019997,
    -0.24092691153601858,
    -0.23545129991019997,
    -0.23818910572310925,
    -0.2327134940972907,
    -0.2327134940972907,
    -0.22176227084565348,
    -0.22450007665856275,
    -0.21081104759401625,
    -0.21628665921983486,
    -0.2190244650327442,
    -0.16700615458746743,
    -0.1368902906454651,
    -0.15605493133583026,
    -0.1286768732067372,
    -0.1423659022712837,
    -0.1505793197100116,
    -0.15879273714873954,
    -0.1423659022712837,
    -0.18617079527783253,
    -0.2053354359681977,
    -0.21354885340692553,
    -0.22176227084565348,
    -0.23818910572310925,
    0.24914032897474647,
    -0.2464025231618372,
    -0.24092691153601858,
    -0.23818910572310925,
    -0.24366471734892792,
    -0.2464025231618372,
    -0.24914032897474647,
    -0.24092691153601858
  ],
  "lag_sweep": {
    "best_lag_days": -94,
    "best_r": 0.49439089828788535
  },
  "csv_path": "/Users/fanten/Python/data/earth_helio_2days.csv",
  "csv_sha256": "3433b96bb08789bfc612c620d3dc2bf5d275460e228f576118975b5b508ae488",
  "csv_mtime_utc": "2025-08-10T00:36:50.814196Z",
  "csv_span_years": {
    "start_year": 1900,
    "end_year": 2025
  },
  "date0_iso": "1900-01-01",
  "horizons_header": {
    "center": "Sun (10)",
    "frame": "Ecliptic of J2000.0, GEOMETRIC",
    "units": "AU, AU/day",
    "step": "1440 min (1 day)"
  }
}