{
  "planet": "mars",
  "period_days": 686.98,
  "params": {
    "smooth": 10,
    "min_sep": 240,
    "peri_minsep": 481,
    "match_window": 343,
    "z": 0.5
  },
  "signal_mode": "dim0",
  "N_peri": 67,
  "N_peaks": 133,
  "matched": 67,
  "coverage": 1.0,
  "mean_dt_days": -91.4776119402985,
  "median_dt_days": -91.0,
  "std_dt_days": 0.9432087232489131,
  "min_dt_days": -98.0,
  "max_dt_days": -91.0,
  "phase_frac": -0.13315906131226307,
  "strength": 0.9986279636716265,
  "matched_dt": [
    -92.0,
    -92.0,
    -92.0,
    -92.0,
    -92.0,
    -92.0,
    -92.0,
    -92.0,
    -92.0,
    -92.0,
    -92.0,
    -92.0,
    -92.0,
    -92.0,
    -92.0,
    -92.0,
    -92.0,
    -91.0,
    -91.0,
    -91.0,
    -91.0,
    -91.0,
    -91.0,
    -91.0,
    -91.0,
    -91.0,
    -91.0,
    -91.0,
    -91.0,
    -91.0,
    -91.0,
    -91.0,
    -91.0,
    -91.0,
    -91.0,
    -91.0,
    -91.0,
    -92.0,
    -92.0,
    -92.0,
    -92.0,
    -92.0,
    -92.0,
    -92.0,
    -92.0,
    -91.0,
    -91.0,
    -91.0,
    -91.0,
    -91.0,
    -91.0,
    -91.0,
    -91.0,
    -91.0,
    -91.0,
    -91.0,
    -91.0,
    -91.0,
    -91.0,
    -91.0,
    -91.0,
    -91.0,
    -91.0,
    -91.0,
    -91.0,
    -91.0,
    -98.0
  ],
  "matched_years": [
    1901,
    1903,
    1905,
    1907,
    1909,
    1910,
    1912,
    1914,
    1916,
    1918,
    1920,
    1922,
    1924,
    1925,
    1927,
    1929,
    1931,
    1933,
    1935,
    1937,
    1939,
    1941,
    1942,
    1944,
    1946,
    1948,
    1950,
    1952,
    1954,
    1956,
    1957,
    1959,
    1961,
    1963,
    1965,
    1967,
    1969,
    1971,
    1973,
    1974,
    1976,
    1978,
    1980,
    1982,
    1984,
    1986,
    1988,
    1989,
    1991,
    1993,
    1995,
    1997,
    1999,
    2001,
    2003,
    2004,
    2006,
    2008,
    2010,
    2012,
    2014,
    2016,
    2018,
    2020,
    2021,
    2023,
    2024
  ],
  "phi_series": [
    -0.13391947363824275,
    -0.13391947363824275,
    -0.13391947363824275,
    -0.13391947363824275,
    -0.13391947363824275,
    -0.13391947363824275,
    -0.13391947363824275,
    -0.13391947363824275,
    -0.13391947363824275,
    -0.13391947363824275,
    -0.13391947363824275,
    -0.13391947363824275,
    -0.13391947363824275,
    -0.13391947363824275,
    -0.13391947363824275,
    -0.13391947363824275,
    -0.13391947363824275,
    -0.13246382718565314,
    -0.13246382718565314,
    -0.13246382718565314,
    -0.13246382718565314,
    -0.13246382718565314,
    -0.13246382718565314,
    -0.13246382718565314,
    -0.13246382718565314,
    -0.13246382718565314,
    -0.13246382718565314,
    -0.13246382718565314,
    -0.13246382718565314,
    -0.13246382718565314,
    -0.13246382718565314,
    -0.13246382718565314,
    -0.13246382718565314,
    -0.13246382718565314,
    -0.13246382718565314,
    -0.13246382718565314,
    -0.13246382718565314,
    -0.13391947363824275,
    -0.13391947363824275,
    -0.13391947363824275,
    -0.13391947363824275,
    -0.13391947363824275,
    -0.13391947363824275,
    -0.13391947363824275,
    -0.13391947363824275,
    -0.13246382718565314,
    -0.13246382718565314,
    -0.13246382718565314,
    -0.13246382718565314,
    -0.13246382718565314,
    -0.13246382718565314,
    -0.13246382718565314,
    -0.13246382718565314,
    -0.13246382718565314,
    -0.13246382718565314,
    -0.13246382718565314,
    -0.13246382718565314,
    -0.13246382718565314,
    -0.13246382718565314,
    -0.13246382718565314,
    -0.13246382718565314,
    -0.13246382718565314,
    -0.13246382718565314,
    -0.13246382718565314,
    -0.13246382718565314,
    -0.13246382718565314,
    -0.1426533523537803
  ],
  "lag_sweep": {
    "best_lag_days": -249,
    "best_r": 0.9766905120050567
  },
  "csv_path": "/Users/fanten/Python/data/mars_1900to2025.csv",
  "csv_sha256": "f5c266b85d3cf8f0201eb4d3dc14694d28e036443c755a1b3faccb93aaa9ef6c",
  "csv_mtime_utc": "2025-08-07T13:32:51.783067Z",
  "csv_span_years": {
    "start_year": 1900,
    "end_year": 2025
  },
  "date0_iso": "1900-01-01",
  "horizons_header": {
    "center": "Sun (10)",
    "frame": "Ecliptic of J2000.0, GEOMETRIC",
    "units": "AU, AU/day",
    "step": "1440 min (1 day)"
  }
}