{
  "modal_ID_score": 1.0,
  "variation_score": 0.9978191309277034,
  "mean_norm_change": 1.7007904018058706e-11,
  "passed": true
}