{
  "planet": "earth",
  "period_days": 365.256,
  "params": {
    "smooth": 5,
    "min_sep": 128,
    "peri_minsep": 256,
    "match_window": 183,
    "z": 0.5
  },
  "signal_mode": "dim0",
  "N_peri": 143,
  "N_peaks": 250,
  "matched": 143,
  "coverage": 1.0,
  "mean_dt_days": 4.769230769230769,
  "median_dt_days": 13.0,
  "std_dt_days": 58.37056130335655,
  "min_dt_days": -89.0,
  "max_dt_days": 92.0,
  "phase_frac": 0.013057227723105913,
  "strength": 0.8523080452511854,
  "matched_dt": [
    -3.0,
    16.0,
    37.0,
    58.0,
    76.0,
    72.0,
    57.0,
    39.0,
    25.0,
    -10.0,
    -7.0,
    22.0,
    33.0,
    47.0,
    60.0,
    67.0,
    55.0,
    33.0,
    3.0,
    19.0,
    44.0,
    75.0,
    -86.0,
    83.0,
    70.0,
    42.0,
    -14.0,
    4.0,
    17.0,
    22.0,
    16.0,
    1.0,
    2.0,
    27.0,
    31.0,
    28.0,
    -11.0,
    8.0,
    35.0,
    73.0,
    -89.0,
    -79.0,
    92.0,
    -84.0,
    39.0,
    -4.0,
    25.0,
    56.0,
    -84.0,
    85.0,
    -88.0,
    53.0,
    -28.0,
    -16.0,
    -13.0,
    -29.0,
    -73.0,
    -86.0,
    -77.0,
    90.0,
    -81.0,
    86.0,
    -86.0,
    -24.0,
    22.0,
    69.0,
    86.0,
    -89.0,
    81.0,
    55.0,
    -15.0,
    10.0,
    32.0,
    -26.0,
    -14.0,
    9.0,
    -36.0,
    44.0,
    88.0,
    -84.0,
    86.0,
    54.0,
    11.0,
    -68.0,
    -58.0,
    -73.0,
    -87.0,
    43.0,
    -77.0,
    88.0,
    -83.0,
    73.0,
    83.0,
    -13.0,
    36.0,
    63.0,
    73.0,
    49.0,
    44.0,
    6.0,
    -53.0,
    -70.0,
    67.0,
    -20.0,
    72.0,
    51.0,
    -59.0,
    -48.0,
    -24.0,
    68.0,
    -79.0,
    8.0,
    -85.0,
    8.0,
    -79.0,
    13.0,
    -81.0,
    90.0,
    -51.0,
    -67.0,
    -57.0,
    -83.0,
    87.0,
    72.0,
    22.0,
    15.0,
    -29.0,
    -53.0,
    -17.0,
    24.0,
    -84.0,
    -72.0,
    -87.0,
    48.0,
    -77.0,
    92.0,
    77.0,
    53.0,
    -30.0,
    -51.0,
    -66.0,
    -81.0,
    85.0
  ],
  "matched_years": [
    1900,
    1901,
    1902,
    1903,
    1904,
    1905,
    1906,
    1907,
    1908,
    1909,
    1910,
    1911,
    1912,
    1913,
    1914,
    1915,
    1916,
    1917,
    1918,
    1919,
    1920,
    1921,
    1921,
    1922,
    1924,
    1925,
    1925,
    1926,
    1927,
    1928,
    1929,
    1930,
    1930,
    1932,
    1933,
    1934,
    1934,
    1935,
    1936,
    1937,
    1938,
    1939,
    1940,
    1941,
    1942,
    1943,
    1944,
    1945,
    1945,
    1946,
    1947,
    1949,
    1949,
    1950,
    1951,
    1952,
    1953,
    1954,
    1955,
    1956,
    1957,
    1958,
    1959,
    1960,
    1961,
    1962,
    1963,
    1964,
    1965,
    1966,
    1967,
    1967,
    1969,
    1969,
    1970,
    1971,
    1972,
    1972,
    1973,
    1974,
    1975,
    1976,
    1977,
    1977,
    1978,
    1979,
    1980,
    1981,
    1981,
    1982,
    1983,
    1984,
    1984,
    1986,
    1986,
    1987,
    1988,
    1988,
    1989,
    1990,
    1990,
    1991,
    1993,
    1993,
    1994,
    1994,
    1995,
    1996,
    1996,
    1997,
    1998,
    1999,
    2000,
    2001,
    2001,
    2002,
    2003,
    2003,
    2004,
    2005,
    2006,
    2006,
    2007,
    2008,
    2008,
    2009,
    2010,
    2010,
    2011,
    2012,
    2013,
    2014,
    2015,
    2015,
    2016,
    2017,
    2018,
    2018,
    2019,
    2020,
    2021,
    2022,
    2023
  ],
  "phi_series": [
    -0.008213417438727888,
    0.043804893006548884,
    0.10129881507764416,
    0.15879273714873954,
    0.20807324178110698,
    0.19712201852946976,
    0.15605493133583026,
    0.10677442670346282,
    0.0684451453227326,
    -0.027378058129092997,
    -0.01916464069036511,
    0.06023172788400466,
    0.09034759182600693,
    0.12867687320673715,
    0.1642683487745581,
    0.18343298946492326,
    0.1505793197100116,
    0.09034759182600693,
    0.008213417438727943,
    0.052018310445276716,
    0.12046345576800932,
    0.2053354359681977,
    -0.23545129991019997,
    0.22723788247147203,
    0.1916464069036512,
    0.11498784414219065,
    -0.03832928138073022,
    0.010951223251637221,
    0.04654269881945816,
    0.06023172788400466,
    0.043804893006548884,
    0.0027378058129092775,
    0.005475611625818555,
    0.07392075694855116,
    0.08487198020018838,
    0.07665856276146044,
    -0.03011586394200233,
    0.021902446503274442,
    0.0958232034518256,
    0.19985982434237903,
    -0.24366471734892792,
    -0.21628665921983486,
    0.25187813478765575,
    -0.22997568828438142,
    0.10677442670346282,
    -0.010951223251637221,
    0.0684451453227326,
    0.15331712552292087,
    -0.22997568828438142,
    0.2327134940972907,
    -0.24092691153601858,
    0.14510370808419304,
    -0.07665856276146044,
    -0.04380489300654883,
    -0.03559147556782094,
    -0.07939636857436977,
    -0.19985982434237903,
    -0.23545129991019997,
    -0.21081104759401625,
    0.2464025231618372,
    -0.22176227084565348,
    0.23545129991019997,
    -0.23545129991019997,
    -0.06570733950982327,
    0.06023172788400466,
    0.1889086010907418,
    0.23545129991019997,
    -0.24366471734892792,
    0.22176227084565348,
    0.1505793197100116,
    -0.04106708719363955,
    0.027378058129092997,
    0.08760978601309766,
    -0.07118295113564188,
    -0.03832928138073022,
    0.02464025231618372,
    -0.09856100926473488,
    0.12046345576800932,
    0.24092691153601864,
    -0.22997568828438142,
    0.23545129991019997,
    0.14784151389710232,
    0.030115863942002274,
    -0.18617079527783253,
    -0.15879273714873954,
    -0.19985982434237903,
    -0.23818910572310925,
    0.11772564995510004,
    -0.21081104759401625,
    0.24092691153601864,
    -0.22723788247147209,
    0.19985982434237903,
    0.22723788247147203,
    -0.03559147556782094,
    0.09856100926473488,
    0.17248176621328604,
    0.19985982434237903,
    0.13415248483255582,
    0.12046345576800932,
    0.016426834877455776,
    -0.14510370808419304,
    -0.19164640690365115,
    0.18343298946492326,
    -0.05475611625818605,
    0.19712201852946976,
    0.13962809645837437,
    -0.16153054296164882,
    -0.13141467901964654,
    -0.06570733950982327,
    0.18617079527783253,
    -0.21628665921983486,
    0.021902446503274442,
    -0.2327134940972907,
    0.021902446503274442,
    -0.21628665921983486,
    0.03559147556782094,
    -0.22176227084565348,
    0.2464025231618372,
    -0.13962809645837437,
    -0.18343298946492326,
    -0.15605493133583026,
    -0.22723788247147209,
    0.23818910572310925,
    0.19712201852946976,
    0.06023172788400466,
    0.041067087193639495,
    -0.07939636857436977,
    -0.14510370808419304,
    -0.04654269881945816,
    0.06570733950982321,
    -0.22997568828438142,
    -0.19712201852946976,
    -0.23818910572310925,
    0.13141467901964654,
    -0.21081104759401625,
    0.25187813478765575,
    0.21081104759401625,
    0.14510370808419304,
    -0.08213417438727905,
    -0.13962809645837437,
    -0.18069518365201398,
    -0.22176227084565348,
    0.2327134940972907
  ],
  "lag_sweep": {
    "best_lag_days": -5,
    "best_r": 0.14014945899025927
  },
  "csv_path": "/Users/fanten/Python/data/earth_bary_1day.csv",
  "csv_sha256": "d9d31e55deec4efd5b0924f889be40f9ab013bab8a3c82e1d7a0dfe00e5c93d8",
  "csv_mtime_utc": "2025-08-10T00:36:33.533720Z",
  "csv_span_years": {
    "start_year": 1900,
    "end_year": 2025
  },
  "date0_iso": "1900-01-01",
  "horizons_header": {
    "center": "Sun (10)",
    "frame": "Ecliptic of J2000.0, GEOMETRIC",
    "units": "AU, AU/day",
    "step": "1440 min (1 day)"
  }
}