{
  "planet": "earth",
  "period_days": 365.256,
  "params": {
    "smooth": 5,
    "min_sep": 128,
    "peri_minsep": 256,
    "match_window": 183,
    "z": 0.5
  },
  "signal_mode": "dim0",
  "N_peri": 125,
  "N_peaks": 250,
  "matched": 125,
  "coverage": 1.0,
  "mean_dt_days": 13.184,
  "median_dt_days": 6.0,
  "std_dt_days": 17.917545914909866,
  "min_dt_days": 3.0,
  "max_dt_days": 81.0,
  "phase_frac": 0.03609523183739627,
  "strength": 0.952128988393592,
  "matched_dt": [
    5.0,
    5.0,
    5.0,
    4.0,
    4.0,
    5.0,
    5.0,
    5.0,
    5.0,
    4.0,
    5.0,
    5.0,
    5.0,
    5.0,
    5.0,
    5.0,
    5.0,
    5.0,
    5.0,
    5.0,
    4.0,
    5.0,
    5.0,
    5.0,
    5.0,
    6.0,
    5.0,
    4.0,
    4.0,
    6.0,
    6.0,
    6.0,
    5.0,
    6.0,
    5.0,
    5.0,
    5.0,
    6.0,
    5.0,
    5.0,
    5.0,
    6.0,
    6.0,
    5.0,
    5.0,
    6.0,
    6.0,
    6.0,
    6.0,
    6.0,
    5.0,
    4.0,
    5.0,
    7.0,
    6.0,
    7.0,
    5.0,
    6.0,
    6.0,
    6.0,
    7.0,
    7.0,
    6.0,
    7.0,
    8.0,
    8.0,
    7.0,
    6.0,
    6.0,
    7.0,
    7.0,
    9.0,
    9.0,
    9.0,
    7.0,
    6.0,
    8.0,
    10.0,
    10.0,
    11.0,
    11.0,
    11.0,
    11.0,
    11.0,
    13.0,
    14.0,
    13.0,
    18.0,
    21.0,
    24.0,
    23.0,
    22.0,
    27.0,
    43.0,
    52.0,
    63.0,
    67.0,
    71.0,
    79.0,
    81.0,
    78.0,
    73.0,
    71.0,
    56.0,
    37.0,
    28.0,
    21.0,
    19.0,
    17.0,
    14.0,
    13.0,
    8.0,
    5.0,
    4.0,
    6.0,
    9.0,
    8.0,
    6.0,
    5.0,
    3.0,
    3.0,
    4.0,
    5.0,
    6.0,
    5.0
  ],
  "matched_years": [
    1900,
    1901,
    1902,
    1903,
    1904,
    1905,
    1906,
    1907,
    1908,
    1909,
    1910,
    1911,
    1912,
    1913,
    1914,
    1915,
    1916,
    1917,
    1918,
    1919,
    1920,
    1921,
    1922,
    1923,
    1924,
    1925,
    1926,
    1927,
    1928,
    1929,
    1930,
    1931,
    1932,
    1933,
    1934,
    1935,
    1936,
    1937,
    1938,
    1939,
    1940,
    1941,
    1942,
    1943,
    1944,
    1945,
    1946,
    1947,
    1948,
    1949,
    1950,
    1951,
    1952,
    1953,
    1954,
    1955,
    1956,
    1957,
    1958,
    1959,
    1960,
    1961,
    1962,
    1963,
    1964,
    1965,
    1966,
    1967,
    1968,
    1969,
    1970,
    1971,
    1972,
    1973,
    1974,
    1975,
    1976,
    1977,
    1978,
    1979,
    1980,
    1981,
    1982,
    1983,
    1984,
    1985,
    1986,
    1987,
    1988,
    1989,
    1990,
    1991,
    1992,
    1993,
    1994,
    1995,
    1996,
    1997,
    1998,
    1999,
    2000,
    2001,
    2002,
    2003,
    2004,
    2005,
    2006,
    2007,
    2008,
    2009,
    2010,
    2011,
    2012,
    2013,
    2014,
    2015,
    2016,
    2017,
    2018,
    2019,
    2020,
    2021,
    2022,
    2023,
    2024
  ],
  "phi_series": [
    0.013689029064546498,
    0.013689029064546498,
    0.013689029064546498,
    0.010951223251637221,
    0.010951223251637221,
    0.013689029064546498,
    0.013689029064546498,
    0.013689029064546498,
    0.013689029064546498,
    0.010951223251637221,
    0.013689029064546498,
    0.013689029064546498,
    0.013689029064546498,
    0.013689029064546498,
    0.013689029064546498,
    0.013689029064546498,
    0.013689029064546498,
    0.013689029064546498,
    0.013689029064546498,
    0.013689029064546498,
    0.010951223251637221,
    0.013689029064546498,
    0.013689029064546498,
    0.013689029064546498,
    0.013689029064546498,
    0.016426834877455776,
    0.013689029064546498,
    0.010951223251637221,
    0.010951223251637221,
    0.016426834877455776,
    0.016426834877455776,
    0.016426834877455776,
    0.013689029064546498,
    0.016426834877455776,
    0.013689029064546498,
    0.013689029064546498,
    0.013689029064546498,
    0.016426834877455776,
    0.013689029064546498,
    0.013689029064546498,
    0.013689029064546498,
    0.016426834877455776,
    0.016426834877455776,
    0.013689029064546498,
    0.013689029064546498,
    0.016426834877455776,
    0.016426834877455776,
    0.016426834877455776,
    0.016426834877455776,
    0.016426834877455776,
    0.013689029064546498,
    0.010951223251637221,
    0.013689029064546498,
    0.019164640690365164,
    0.016426834877455776,
    0.019164640690365164,
    0.013689029064546498,
    0.016426834877455776,
    0.016426834877455776,
    0.016426834877455776,
    0.019164640690365164,
    0.019164640690365164,
    0.016426834877455776,
    0.019164640690365164,
    0.021902446503274442,
    0.021902446503274442,
    0.019164640690365164,
    0.016426834877455776,
    0.016426834877455776,
    0.019164640690365164,
    0.019164640690365164,
    0.02464025231618372,
    0.02464025231618372,
    0.02464025231618372,
    0.019164640690365164,
    0.016426834877455776,
    0.021902446503274442,
    0.027378058129092997,
    0.027378058129092997,
    0.030115863942002274,
    0.030115863942002274,
    0.030115863942002274,
    0.030115863942002274,
    0.030115863942002274,
    0.03559147556782094,
    0.03832928138073022,
    0.03559147556782094,
    0.04928050463236744,
    0.05749392207109538,
    0.06570733950982321,
    0.06296953369691394,
    0.06023172788400466,
    0.07392075694855116,
    0.11772564995510004,
    0.14236590227128376,
    0.17248176621328604,
    0.18343298946492326,
    0.19438421271656048,
    0.21628665921983492,
    0.22176227084565348,
    0.21354885340692553,
    0.19985982434237903,
    0.19438421271656048,
    0.15331712552292087,
    0.10129881507764416,
    0.07665856276146044,
    0.05749392207109538,
    0.052018310445276716,
    0.04654269881945816,
    0.03832928138073022,
    0.03559147556782094,
    0.021902446503274442,
    0.013689029064546498,
    0.010951223251637221,
    0.016426834877455776,
    0.02464025231618372,
    0.021902446503274442,
    0.016426834877455776,
    0.013689029064546498,
    0.008213417438727943,
    0.008213417438727943,
    0.010951223251637221,
    0.013689029064546498,
    0.016426834877455776,
    0.013689029064546498
  ],
  "lag_sweep": {
    "best_lag_days": -5,
    "best_r": 0.49409256476854174
  },
  "csv_path": "/Users/fanten/Python/data/earth_emb_1day.csv",
  "csv_sha256": "f3ee14a666280f04eaff7cfde7e0ff09003b05200782e538213e975509cad1a7",
  "csv_mtime_utc": "2025-08-10T00:36:45.179012Z",
  "csv_span_years": {
    "start_year": 1900,
    "end_year": 2025
  },
  "date0_iso": "1900-01-01",
  "horizons_header": {
    "center": "Sun (10)",
    "frame": "Ecliptic of J2000.0, GEOMETRIC",
    "units": "AU, AU/day",
    "step": "1440 min (1 day)"
  }
}