Similarity_Threshold,Recurrence_Score
0.9,0.8197651003058704
0.91,0.7837725456900587
0.92,0.7377156603424442
0.93,0.6730300754334977
0.94,0.5792976956318235
0.95,0.4557696284927451
0.96,0.3413240592582917
0.97,0.22812156440148473
0.98,0.13817501006868477
0.99,0.05976880122783529
